,Chucky,Hammer,Munster,Pedro,binary_alpha_digits,caltech101,caltech_birds2010,caltech_birds2011,cats_vs_dogs,cifar100,cifar10,colorectal_histology,deep_weeds,default,eurosat,fashion_mnist,horses_or_humans,mnist
Decal,0.7049683277769138,0.727053194505598,0.7303181332230475,0.5449915708363705,0.7391103869004828,0.7202015264831758,0.5551829306139602,0.6664010156189059,0.721528937269793,0.6707812605680494,0.7370752273587315,0.06153777165193044,0.7136102978018712,0.5872401663107688,0.6669430536581439,0.7436652202671463,0.700692490783047,0.7063809474128445
coil100,0.47763291247399203,0.48804911031982295,0.42296064779868336,0.4044850636333378,0.565355771859954,0.3915486714405657,0.4207629071238608,0.33127463769299936,0.467639363651385,0.5342629052292638,0.44616341067222837,-0.005004876796929336,0.41054538604557217,0.5594894505850819,0.4453093583960782,0.3412274087010533,0.4690588562852714,0.4516482188031463
kmnist,0.7606367211154861,0.8369878496914801,0.84625419570897,0.7745366911853144,0.8342674581126237,0.8159351974048128,0.8286995551058721,0.6807537806966233,0.8304184058378159,0.8188196186540863,0.8479411585574617,0.05525734360418423,0.7772589905484579,0.7962931614624675,0.7981593894616961,0.842564340680575,0.6600210503128761,0.797023000100383
oxford_flowers102,0.0,0.0,0.0,0.0,0.0,0.0,0.0,0.0,0.0,0.035406648857176794,0.0,-0.017321560359668635,0.0,0.030776773851915715,0.0,0.0,0.0,0.0
