,Chucky,Hammer,Katze,Kreatur,Munster,Pedro,binary_alpha_digits,caltech101,caltech_birds2010,caltech_birds2011,cats_vs_dogs,cifar100,cifar10,colorectal_histology,deep_weeds,eurosat,fashion_mnist,horses_or_humans,mnist
Decal,0.8164858385674261,0.8078165508568077,0.8311636338554361,0.8314122657552045,0.8194097522032322,0.8384933149638826,0.8350649926278244,0.8239172980974605,0.8565658328941052,0.8023700206968887,0.7992341240978629,0.8252770511666883,0.817886700457165,0.845873780368108,0.7942365009524015,0.8048503020828303,0.8259877662301027,0.8409034258457483,0.8004718580503971
coil100,0.8561938808963099,0.8215516370450467,0.8096645606915495,0.8694448407307412,0.8619677945493704,0.8186269997832281,0.8104652837072432,0.8364397273612039,0.8509631216447152,0.8688151624763503,0.8476759178843185,0.8401263909751814,0.834286994552927,0.8361084587932487,0.8066644443532569,0.8494819351169955,0.8411902958046926,0.7576779643759947,0.8539094862540326
kmnist,0.9484359929200424,0.9479740949305044,0.9526576597051217,0.9548513380069966,0.941022344639076,0.9437120917990989,0.9298059189291206,0.8968034018769476,0.9469326997100967,0.942070538863824,0.9526260753213045,0.9543623591638069,0.9459230445279203,0.9313406250555823,0.9474206401228974,0.945521613099975,0.9520445963132218,0.929525792153124,0.9454320301279587
oxford_flowers102,0.6113062151522524,0.6076856601682944,0.6335870476578503,0.6318075144260831,0.6142056820298403,0.6439294865920899,0.6139791215938317,0.6233698846918887,0.6214120730239373,0.636293340414154,0.601978381382331,0.6256479550155453,0.6259086874153789,0.6196564700154775,0.5933284247870159,0.6110597639166828,0.6304604319717537,0.6493489415078441,0.6266560321408342
